1,2015/2016,Monaco,20/02/2016,Troyes,Domicile,Stade Louis II,Ligue 1,3 - 1,Pied gauche,Hélder Costa,M. Dreyer,90'+3,https://www.youtube.com/watch?v=psVsiS150CA,02:54
2,2016/2017,Monaco,21/10/2016,Montpellier,Domicile,Stade Louis II,Ligue 1,6 - 2,Tête,Bernardo Silva,G. Jourdren,49',https://www.youtube.com/watch?v=TIa1oSztKMg,14:08
3,2016/2017,Monaco,05/11/2016,Nancy,Domicile,Stade Louis II,Ligue 1,6 - 0,Pied gauche,,G. Ndy Assembe,65',https://www.youtube.com/watch?v=62FwQRAfOpE,06:14
4,2016/2017,Monaco,03/12/2016,Bastia,Domicile,Stade Louis II,Ligue 1,5 - 0,Pied droit,,J. Leca,10',https://www.youtube.com/watch?v=4Sbk_DM_sHY,00:50
5,2016/2017,Monaco,14/12/2016,Rennes,Domicile,Stade Louis II,Coupe de la Ligue BKT,7 - 0,Pied droit,Gabriel Boschilia,P. Nardi,11',https://www.youtube.com/watch?v=Jobnc8h6xWI,00:17
6,2016/2017,Monaco,14/12/2016,Rennes,Domicile,Stade Louis II,Coupe de la Ligue BKT,7 - 0,Pied droit,,P. Nardi,21',https://www.youtube.com/watch?v=Jobnc8h6xWI,00:45
7,2016/2017,Monaco,14/12/2016,Rennes,Domicile,Stade Louis II,Coupe de la Ligue BKT,7 - 0,Pied gauche,João Moutinho,P. Nardi,62',https://www.youtube.com/watch?v=Jobnc8h6xWI,01:58
8,2016/2017,Monaco,01/02/2017,Chambly,Exterieur,Stade Pierre Brisson,Coupe de France,4 - 5,Tête,,X. Pinoteau,48',https://www.youtube.com/watch?v=60RJVnURRLk,00:52
9,2016/2017,Monaco,07/02/2017,Montpellier,Exterieur,Stade de la Mosson,Ligue 1,1 - 2,Pied droit,Benjamin Mendy,G. Jourdren,20',https://www.youtube.com/watch?v=6Zdwi_LnJK8,01:11
10,2016/2017,Monaco,11/02/2017,Metz,Domicile,Stade Louis II,Ligue 1,5 - 0,Pied gauche,Radamel Falcao,T. Didillon,7',https://www.youtube.com/watch?v=dAM-Q9Jvdec,00:38
11,2016/2017,Monaco,11/02/2017,Metz,Domicile,Stade Louis II,Ligue 1,5 - 0,Pied droit,Fabinho,T. Didillon,20',https://www.youtube.com/watch?v=dAM-Q9Jvdec,01:22
12,2016/2017,Monaco,11/02/2017,Metz,Domicile,Stade Louis II,Ligue 1,5 - 0,Pied droit,Gabriel Boschilia,T. Didillon,50',https://www.youtube.com/watch?v=dAM-Q9Jvdec,02:07
13,2016/2017,Monaco,21/02/2017,Man City,Exterieur,Etihad Stadium,Ligue des Champions,5 - 3,Pied droit,Fabinho,W. Caballero,40',https://www.youtube.com/watch?v=GBl31yBlS-k,06:07
14,2016/2017,Monaco,01/03/2017,Marseille,Exterieur,Stade Vélodrome,Coupe de France,3 - 4,Pied droit,Benjamin Mendy,Y. Pelé,66',https://www.youtube.com/watch?v=bpSekf9vxZs,04:44
15,2016/2017,Monaco,05/03/2017,Nantes,Domicile,Stade Louis II,Ligue 1,4 - 0,Pied droit,,M. Dupé,4',https://www.youtube.com/watch?v=mffcFoNoxqc,00:57
16,2016/2017,Monaco,05/03/2017,Nantes,Domicile,Stade Louis II,Ligue 1,4 - 0,Tête,Bernardo Silva,M. Dupé,45'+1,https://www.youtube.com/watch?v=mffcFoNoxqc,01:58
17,2016/2017,Monaco,11/03/2017,Bordeaux,Domicile,Stade Louis II,Ligue 1,2 - 1,Pied droit,Radamel Falcao,C. Carrasso,68',https://www.youtube.com/watch?v=MlJE46gWNwE,01:17
18,2016/2017,Monaco,15/03/2017,Man City,Domicile,Stade Louis II,Ligue des Champions,3 - 1,Pied droit,Bernardo Silva,W. Caballero,8',https://www.youtube.com/watch?v=8-uN2Lq4K7A,04:01
19,2016/2017,Monaco,19/03/2017,Caen,Exterieur,Stade Michel d'Ornano,Ligue 1,0 - 3,Pied gauche,Valère Germain,R. Vercoutre,13',https://www.youtube.com/watch?v=M9vf_PEZTgI,00:30
20,2016/2017,Monaco,19/03/2017,Caen,Exterieur,Stade Michel d'Ornano,Ligue 1,0 - 3,Tête,João Moutinho,R. Vercoutre,81',https://www.youtube.com/watch?v=M9vf_PEZTgI,04:34
21,2016/2017,Monaco,12/04/2017,Dortmund,Exterieur,Signal Iduna Park,Ligue des Champions,2 - 3,Bite (Cuisse gauche),Thomas Lemar,R. Bürki,19',https://www.youtube.com/watch?v=rshsIHkYVIY,00:09
22,2016/2017,Monaco,12/04/2017,Dortmund,Exterieur,Signal Iduna Park,Ligue des Champions,2 - 3,Pied droit,,R. Bürki,79',https://www.youtube.com/watch?v=rshsIHkYVIY,00:24
23,2016/2017,Monaco,19/04/2017,Dortmund,Domicile,Stade Louis II,Ligue des Champions,3 - 1,Cuisse droite,Benjamin Mendy,R. Bürki,3',https://www.youtube.com/watch?v=5IEJYewjqnQ,00:00
24,2016/2017,Monaco,23/04/2017,Lyon,Exterieur,Groupama Stadium,Ligue 1,1 - 2,Pied droit,Bernardo Silva,A. Lopes ,44',https://www.youtube.com/watch?v=RFCLRVRB-FM,01:11
25,2016/2017,Monaco,29/04/2017,Toulouse,Domicile,Stade Louis II,Ligue 1,3 - 1,Pied droit,Bernardo Silva,A. Lafont,64',https://www.youtube.com/watch?v=EaYnxSyPYtQ,02:21
26,2016/2017,Monaco,09/05/2017,Juventus,Exterieur,Allianz Stadium,Ligue des Champions,2 - 1,Pied droit,João Moutinho,G. Buffon,69',https://www.youtube.com/watch?v=5IEJYewjqnQ,00:30
27,2016/2017,Monaco,17/05/2017,ASSE,Domicile,Stade Louis II,Ligue 1,2 - 0,Pied gauche,Radamel Falcao,S. Ruffier,19',https://www.youtube.com/watch?v=8XxOL2skhvw,00:45
28,CDM 2018,Equipe de France,31/08/2017,Pays-Bas,Domicile,Stade de France,Eliminatoires CM - Europe,4 - 0,Pied droit,??,J. Cillessen,90'+1,https://www.youtube.com/watch?v=UVjHeXV9Pnc,03:54
29,2017/2018,Paris Saint-Germain,08/09/2017,Metz,Exterieur,Stade Saint-Symphorien,Ligue 1 Conforama,1 - 5,Pied droit,,E. Kawashima,59',https://www.youtube.com/watch?v=cyyRiJGKYTI,02:19
30,2017/2018,Paris Saint-Germain,12/09/2017,Celtic,Exterieur,Celtic Park,Ligue des Champions,0 - 5,Pied droit,Neymar Jr,C. Gordon,34',https://www.youtube.com/watch?v=kcubE_tTt6U,04:26
31,2017/2018,Paris Saint-Germain,30/09/2017,Bordeaux,Domicile,Parc des Princes,Ligue 1 Conforama,6 - 2,Pied droit,Julian Draxler,B. Costil,58',https://www.youtube.com/watch?v=YdISgHQJThQ,02:45
32,2017/2018,Paris Saint-Germain,18/10/2017,Anderlecht,Exterieur,Lotto Park,Ligue des Champions,0 - 4,Pied droit,Marco Verratti,M. Sels,3',https://www.youtube.com/watch?v=XSjHCDVZxgg,00:14
33,2017/2018,Paris Saint-Germain,04/11/2017,Angers,Exterieur,Stade Raymond-Kopa,Ligue 1 Conforama,0 - 5,Pied droit,Dani Alves,M. Michel,5',https://www.youtube.com/watch?v=mIzJ-YnH8so,00:46
34,2017/2018,Paris Saint-Germain,04/11/2017,Angers,Exterieur,Stade Raymond-Kopa,Ligue 1 Conforama,0 - 5,Pied gauche,Lucas Moura,M. Michel,84',https://www.youtube.com/watch?v=mIzJ-YnH8so,03:00
35,2017/2018,Paris Saint-Germain,22/11/2017,Celtic,Domicile,Parc des Princes,Ligue des Champions,7 - 1,Pied droit,Marquinhos,C. Gordon,35',https://www.youtube.com/watch?v=KHQQG6hRN8Q,07:28
36,2017/2018,Paris Saint-Germain,02/12/2017,Strasbourg,Exterieur,Stade de la Meinau,Ligue 1 Conforama,2 - 1,Pied droit,Adrien Rabiot,B. Kamara,42',https://www.youtube.com/watch?v=di61IPbbTXQ,02:18
37,2017/2018,Paris Saint-Germain,05/12/2017,Bayern Munich,Exterieur,Allianz Arena,Ligue des Champions,3 - 1,Tête,Edinson Cavani,S. Ulreich,50',https://www.youtube.com/watch?v=7-srV9MqdNk,01:36
38,2017/2018,Paris Saint-Germain,09/12/2017,Lille,Domicile,Parc des Princes,Ligue 1 Conforama,3 - 1,Pied droit,Marquinhos,M. Maignan,90'+3,https://www.youtube.com/watch?v=p5OtCSjbnLc,03:16
39,2017/2018,Paris Saint-Germain,16/12/2017,Rennes,Exterieur,Roazhon Park,Ligue 1 Conforama,1 - 4,Pied droit,Neymar Jr,T. Koubek,17',https://www.youtube.com/watch?v=299KGyvwPuw,00:53
40,2017/2018,Paris Saint-Germain,20/12/2017,Caen,Domicile,Parc des Princes,Ligue 1 Conforama,3 - 1,Pied gauche,Giovani Lo Celso,R. Vercoutre,57',https://www.youtube.com/watch?v=C5F32T2wYog,02:06
41,2017/2018,Paris Saint-Germain,07/01/2018,Rennes,Exterieur,Roazhon Park,Coupe de France,1 - 6,Pied gauche,Thiago Silva,A. Diallo,9',https://www.youtube.com/watch?v=AjgtOao-flM,00:05
42,2017/2018,Paris Saint-Germain,07/01/2018,Rennes,Exterieur,Roazhon Park,Coupe de France,1 - 6,Pied gauche,Di Maria,A. Diallo,76',https://www.youtube.com/watch?v=AjgtOao-flM,02:24
43,2017/2018,Paris Saint-Germain,17/01/2018,Dijon,Domicile,Parc des Princes,Ligue 1 Conforama,8 - 0,Pied gauche,Neymar Jr,B. Reynet,77',https://www.youtube.com/watch?v=oozoKxn8_W8,03:06
44,2017/2018,Paris Saint-Germain,25/02/2018,Marseille,Domicile,Parc des Princes,Ligue 1 Conforama,3 - 0,Pied gauche,,Y. Pelé,10',https://www.youtube.com/watch?v=DsoNcPvp2uM,00:44
45,2017/2018,Paris Saint-Germain,10/03/2018,Metz,Domicile,Parc des Princes,Ligue 1 Conforama,5 - 0,Pied gauche,Marco Verratti,E. Kawashima,45'+1,https://www.youtube.com/watch?v=wOiic6bY60I,01:54
46,2017/2018,Paris Saint-Germain,14/03/2018,Angers,Domicile,Parc des Princes,Ligue 1 Conforama,2 - 1,Pied droit,Julian Draxler,L. Butelle,12',https://www.youtube.com/watch?v=D7FZwVM9alE,00:37
47,2017/2018,Paris Saint-Germain,14/03/2018,Angers,Domicile,Parc des Princes,Ligue 1 Conforama,2 - 1,Pied droit, Layvin Kurzawa,L. Butelle,25',https://www.youtube.com/watch?v=D7FZwVM9alE,01:19
48,2018/2019,Equipe de France,27/03/2018,Russie,Exterieur,Stade Krestovski,Matchs Amicaux,1 - 3,Pied droit,??,A. Lunev,40',https://www.youtube.com/watch?v=NM8WoWxBvu0,00:08
49,2018/2019,Equipe de France,27/03/2018,Russie,Exterieur,Stade Krestovski,Matchs Amicaux,1 - 3,Pied droit,??,A. Lunev,83',https://www.youtube.com/watch?v=NM8WoWxBvu0,02:14
50,2017/2018,Paris Saint-Germain,18/04/2018,Caen,Exterieur,Stade Michel d'Ornano,Coupe de France,1 - 3,Pied droit,Edinson Cavani,B. Samba,25',https://www.youtube.com/watch?v=EWOZ95hIm7Y,00:45
51,2017/2018,Paris Saint-Germain,18/04/2018,Caen,Exterieur,Stade Michel d'Ornano,Coupe de France,1 - 3,Pied droit,Edinson Cavani,B. Samba,81',https://www.youtube.com/watch?v=EWOZ95hIm7Y,02:27
52,2018/2019,Equipe de France,09/06/2018,États-Unis,Domicile,Groupama Stadium,Matchs Amicaux,1 - 1,Pied droit,,Z. Steffen,78',https://www.youtube.com/watch?v=667smbrPTJ4,02:10
53,CDM 2018,Equipe de France,21/06/2018,Pérou,Domicile,lekaterinbourg Arena,Coupe du Monde,1 - 0,Pied droit,,P. Gallese,34',https://www.youtube.com/watch?v=hWHNYMCjdmA,00:33
54,CDM 2018,Equipe de France,30/06/2018,Argentine,Domicile,Kazan-Arena,Coupe du Monde,4 - 3,Pied gauche,,F. Armani,64',https://www.youtube.com/watch?v=cpBABAXlxhg,03:49
55,CDM 2018,Equipe de France,30/06/2018,Argentine,Domicile,Kazan-Arena,Coupe du Monde,4 - 3,Pied gauche,,F. Armani,68',https://www.youtube.com/watch?v=cpBABAXlxhg,04:08
56,CDM 2018,Equipe de France,15/07/2018,Croatie,Domicile,Stadion Luzhniki,Coupe du Monde,4 - 2,Pied droit,,D. Subašić,65',https://www.youtube.com/watch?v=SW4KS0cRpTE,04:44
57,2018/2019,Paris Saint-Germain,18/08/2018,Guingamp,Exterieur,Stade du Roudourou,Ligue 1 Conforama,1 - 3,Pied droit,Di Maria,K. Johnsson,82',https://www.youtube.com/watch?v=1yq2ktQoB18,02:40
58,2018/2019,Paris Saint-Germain,18/08/2018,Guingamp,Exterieur,Stade du Roudourou,Ligue 1 Conforama,1 - 3,Pied droit,Neymar Jr,K. Johnsson,90',https://www.youtube.com/watch?v=1yq2ktQoB18,03:03
59,2018/2019,Paris Saint-Germain,25/08/2018,Angers,Domicile,Parc des Princes,Ligue 1 Conforama,3 - 1,Pied droit,Di Maria,L. Butelle,51',https://www.youtube.com/watch?v=s7wZT1OMbeI,02:29
60,2018/2019,Paris Saint-Germain,01/09/2018,Nîmes,Exterieur,Stade des Costières,Ligue 1 Conforama,2 - 4,Pied droit,Presnel Kimpembe,P. Bernardori,77',https://www.youtube.com/watch?v=4Xyh9Z9J6BE&feature=onebox,03:39
61,2018/2019,Equipe de France,09/09/2018,Pays-Bas,Domicile,Stade de France,Ligue des Nations,2 - 1,Pied droit,??,J. Cillessen,14',https://www.youtube.com/watch?v=XVgtYX705x0,00:13
62,2018/2019,Paris Saint-Germain,18/09/2018,Liverpool,Exterieur,Anfield,Ligue des Champions,3 - 2,Pied droit,Neymar Jr,Alisson,83',https://www.youtube.com/watch?v=GraC90NhnJE,01:05
63,2018/2019,Paris Saint-Germain,03/10/2018,Étoile rouge,Domicile,Parc des Princes,Ligue des Champions,6 - 1,Pied droit,Edinson Cavani,M. Borjan,70',https://www.youtube.com/watch?v=jZYisR50FS0,07:14
64,2018/2019,Paris Saint-Germain,07/10/2018,Lyon,Domicile,Parc des Princes,Ligue 1 Conforama,5 - 0,Pied gauche,,A. Lopes,61',https://www.youtube.com/watch?v=zDl_UwrfSI8,03:51
65,2018/2019,Paris Saint-Germain,07/10/2018,Lyon,Domicile,Parc des Princes,Ligue 1 Conforama,5 - 0,Pied droit,Marquinhos,A. Lopes,66',https://www.youtube.com/watch?v=zDl_UwrfSI8,04:22
66,2018/2019,Paris Saint-Germain,07/10/2018,Lyon,Domicile,Parc des Princes,Ligue 1 Conforama,5 - 0,Pied droit,Neymar Jr,A. Lopes,69',https://www.youtube.com/watch?v=zDl_UwrfSI8,04:43
67,2018/2019,Paris Saint-Germain,07/10/2018,Lyon,Domicile,Parc des Princes,Ligue 1 Conforama,5 - 0,Pied droit,,A. Lopes,74',https://www.youtube.com/watch?v=zDl_UwrfSI8,05:20
68,2018/2019,Equipe de France,11/10/2018,Islande,Domicile,Stade du Roudourou,Matchs Amicaux,2 - 2,Pied droit (peno),??,H. Halldórsson,90',https://www.youtube.com/watch?v=MJ6a291dLPA,04:11
69,2018/2019,Paris Saint-Germain,20/10/2018,Amiens,Domicile,Parc des Princes,Ligue 1 Conforama,5 - 0,Pied droit,Moussa Diaby,R. Gurtner,82',https://www.youtube.com/watch?v=z-qnI1xmkyk,01:59
70,2018/2019,Paris Saint-Germain,28/10/2018,Marseille,Exterieur,Stade Vélodrome,Ligue 1 Conforama,0 - 2,Pied droit,Di Maria,S. Mandanda,65',https://www.youtube.com/watch?v=0WM4cHg0KAk&feature=onebox,02:13
71,2018/2019,Paris Saint-Germain,02/11/2018,Lille,Domicile,Parc des Princes,Ligue 1 Conforama,2 - 1,Pied droit,,M. Maignan,70',https://www.youtube.com/watch?v=nevZ7I-PdqQ,02:20
72,2018/2019,Paris Saint-Germain,02/12/2018,Bordeaux,Exterieur,Stade Matmut-Atlantique,Ligue 1 Conforama,2 - 2,Pied droit,Julian Draxler,B. Costil,66',https://www.youtube.com/watch?v=xiudV_AlAWU,01:46
73,2018/2019,Paris Saint-Germain,11/12/2018,Étoile rouge,Exterieur,Stadion Rajko Mitić,Ligue des Champions,1 - 4,Pied droit,Neymar Jr,M. Borjan,90'+2,https://www.youtube.com/watch?v=0mq9LcPZ0T0,00:34
74,2018/2019,Paris Saint-Germain,22/12/2018,Nantes,Domicile,Parc des Princes,Ligue 1 Conforama,1 - 0,Pied droit,,C. Tatarusanu,68',https://www.youtube.com/watch?v=5uq9af7qRe0,02:17
75,2018/2019,Paris Saint-Germain,06/01/2019,GSI Pontivy,Exterieur,Stade du Moustoir,Coupe de France,0 - 4,Pied droit (peno),,C. Daoudou,77',https://www.youtube.com/watch?v=jKkQFoNxA1A,09:36
76,2018/2019,Paris Saint-Germain,12/01/2019,Amiens,Exterieur,Stade la Licorne,Ligue 1 Conforama,0 - 3,Pied droit,Edinson Cavani,R. Gurtner,70',https://www.youtube.com/watch?v=jdvsD3ntYUE,02:41
77,2018/2019,Paris Saint-Germain,19/01/2019,Guingamp,Domicile,Parc des Princes,Ligue 1 Conforama,9 - 0,Pied droit,Neymar,M. Caillard,37',https://www.youtube.com/watch?v=MZCZJ5pknV0,01:20
78,2018/2019,Paris Saint-Germain,19/01/2019,Guingamp,Domicile,Parc des Princes,Ligue 1 Conforama,9 - 0,Pied droit,Edinson Cavani,M. Caillard,45',https://www.youtube.com/watch?v=MZCZJ5pknV0,01:35
79,2018/2019,Paris Saint-Germain,19/01/2019,Guingamp,Domicile,Parc des Princes,Ligue 1 Conforama,9 - 0,Pied gauche,Edinson Cavani,M. Caillard,80',https://www.youtube.com/watch?v=MZCZJ5pknV0,03:37
80,2018/2019,Paris Saint-Germain,27/01/2019,Rennes,Domicile,Parc des Princes,Ligue 1 Conforama,4 - 1,Pied droit,Julian Draxler,T. Koubek,66',https://www.youtube.com/watch?v=aE-0JQDKQkY,03:23
81,2018/2019,Paris Saint-Germain,12/02/2019,Man United,Exterieur,Old Trafford,Ligue des Champions,0 - 2,Pied droit,Di Maria,D. de Gea,60',https://www.youtube.com/watch?v=sUwU8EitKnU,00:30
82,2018/2019,Paris Saint-Germain,17/02/2019,ASSE,Exterieur,Stade Geoffroy-Guichard,Ligue 1 Conforama,0 - 1,Pied droit,Dani Alves,S. Ruffier,73',https://www.youtube.com/watch?v=cN8nNCa-AV0,00:10
83,2018/2019,Paris Saint-Germain,20/02/2019,Montpellier,Domicile,Parc des Princes,Ligue 1 Conforama,5 - 1,Pied droit,Layvin Kurzawa,B. Lecompte,79',https://www.youtube.com/watch?v=WUfeEFGnjlU,02:13
84,2018/2019,Paris Saint-Germain,23/02/2019,Nîmes,Domicile,Parc des Princes,Ligue 1 Conforama,3 - 0,Pied droit,Juan Bernat,P. Bernardoni,69',https://www.youtube.com/watch?v=hNHEyDSPIsk,01:59
85,2018/2019,Paris Saint-Germain,23/02/2019,Nîmes,Domicile,Parc des Princes,Ligue 1 Conforama,3 - 0,Pied droit,Christopher Nkunku,P. Bernardoni,89',https://www.youtube.com/watch?v=hNHEyDSPIsk,02:32
86,2018/2019,Paris Saint-Germain,02/03/2019,Caen,Exterieur,Stade Michel d'Ornano,Ligue 1 Conforama,1 - 2,Pied droit (peno),,B. Samba,59',https://www.youtube.com/watch?v=cFcmPOr0gIo,02:28
87,2018/2019,Paris Saint-Germain,02/03/2019,Caen,Exterieur,Stade Michel d'Ornano,Ligue 1 Conforama,1 - 2,Pied droit,,B. Samba,87',https://www.youtube.com/watch?v=cFcmPOr0gIo,02:58
88,2018/2019,Paris Saint-Germain,12/03/2019,Dijon,Exterieur,Stade Gaston-Gérard,Ligue 1 Conforama,0 - 4,Pied droit,Layvin Kurzawa,R. Rúnarsson,40',https://www.youtube.com/watch?v=EEf7Oj0YKLU,01:01
89,2018/2019,Paris Saint-Germain,17/03/2019,Marseille,Domicile,Parc des Princes,Ligue 1 Conforama,3 - 1,Pied droit,Di Maria,S. Mandanda,45'+2,https://www.youtube.com/watch?v=AUHa5cRc8RA,01:03
90,EURO 2020,Equipe de France,22/03/2019,Moldavie,Exterieur,Stadionul Zimbru,Éliminatoires Euro,1 - 4,Pied droit,T. Lemar,A. Coșelev,87',https://www.youtube.com/watch?v=p9HmZtr6_jc,03:04
91,EURO 2020,Equipe de France,25/03/2019,Islande,Domicile,Stade de France,Éliminatoires Euro,4 - 0,Pied droit,??,H. Halldorsson,78',https://www.youtube.com/watch?v=zOEO5IbafD0,03:12
92,2018/2019,Paris Saint-Germain,31/03/2019,Toulouse,Exterieur,Stadium de Toulouse,Ligue 1 Conforama,0 - 1,Pied droit,Thilo Kehrer,B. Reynet,74',https://www.youtube.com/watch?v=8r4AvD4BvX8,01:52
93,2018/2019,Paris Saint-Germain,03/04/2019,Nantes,Domicile,Parc des Princes,Coupe de France,3 - 0,Pied droit (peno),,C. Tătăruşanu,85',https://www.youtube.com/watch?v=Up8Uku2kkfo,02:57
94,2018/2019,Paris Saint-Germain,21/04/2019,Monaco,Domicile,Parc des Princes,Ligue 1 Conforama,3 - 1,Pied droit,Moussa Diaby,D. Subašić,15',https://www.youtube.com/watch?v=lDqCH2AgiDg,00:43
95,2018/2019,Paris Saint-Germain,21/04/2019,Monaco,Domicile,Parc des Princes,Ligue 1 Conforama,3 - 1,Pied droit,Dani Alves,D. Subašić,38',https://www.youtube.com/watch?v=lDqCH2AgiDg,01:09
96,2018/2019,Paris Saint-Germain,21/04/2019,Monaco,Domicile,Parc des Princes,Ligue 1 Conforama,3 - 1,Pied gauche,Dani Alves,D. Subašić,55',https://www.youtube.com/watch?v=lDqCH2AgiDg,02:13
97,2018/2019,Paris Saint-Germain,18/05/2019,Dijon,Domicile,Parc des Princes,Ligue 1 Conforama,4 - 0,Pied droit,,R. Rúnarsson,36',https://www.youtube.com/watch?v=1m6j50B3nK8,01:30
98,2018/2019,Paris Saint-Germain,18/05/2019,Dijon,Domicile,Parc des Princes,Ligue 1 Conforama,4 - 0,Pied droit,Leandro Paredes,R. Rúnarsson,56',https://www.youtube.com/watch?v=1m6j50B3nK8,02:14
99,2018/2019,Paris Saint-Germain,24/05/2019,Reims,Exterieur,Stade Auguste-Delaune II,Ligue 1 Conforama,3 - 1,Pied droit,Edinson Cavani,E. Mendy,59',https://www.youtube.com/watch?v=-GBY6c1uDwM,03:02
100,EURO 2020,Equipe de France,11/06/2019,Andorra,Exterieur,Estadi Nacional,Éliminatoires Euro,0 - 4,Pied droit,Antoine Griezmann,J. Gómes,11',https://www.youtube.com/watch?v=-iU-kVHgIhA,00:40
101,2019/2020,Paris Saint-Germain,03/08/2019,Rennes,Domicile,Shenzhen Universiade Sports Centre,Trophée des Champions,2 - 1,Pied droit,Pablo Sarabia,T. Koubek,57',https://www.youtube.com/watch?v=NLndAklDv94,01:15
102,2019/2020,Paris Saint-Germain,11/08/2019,Nîmes,Domicile,Parc des Princes,Ligue 1 Conforama,3 - 0,Pied gauche,Juan Bernat,P. Bernardoni,56',https://www.youtube.com/watch?v=PlvdQi8wSdk,03:01
103,2019/2020,Paris Saint-Germain,18/10/2019,Nice,Exterieur,Allianz Riviera,Ligue 1 Conforama,1 - 4,Pied droit,,W. Benítez,88',https://www.youtube.com/watch?v=OkYhQgbCA4Y,03:39
104,2019/2020,Paris Saint-Germain,22/10/2019,Club Bruges,Exterieur,Jan Breydelstadion,Ligue des Champions,0 - 5,Tête,Di Maria,S. Mignolet,61',https://www.youtube.com/watch?v=ycPfoG3s-xU,00:36
105,2019/2020,Paris Saint-Germain,22/10/2019,Club Bruges,Exterieur,Jan Breydelstadion,Ligue des Champions,0 - 5,Pied droit,Di Maria,S. Mignolet,79',https://www.youtube.com/watch?v=ycPfoG3s-xU,00:59
106,2019/2020,Paris Saint-Germain,22/10/2019,Club Bruges,Exterieur,Jan Breydelstadion,Ligue des Champions,0 - 5,Pied gauche,Di Maria,S. Mignolet,83',https://www.youtube.com/watch?v=ycPfoG3s-xU,01:13
107,2019/2020,Paris Saint-Germain,27/10/2019,Marseille,Domicile,Parc des Princes,Ligue 1 Conforama,4 - 0,Pied gauche,Di Maria,S. Mandanda,32',https://www.youtube.com/watch?v=ibu2AYZTfgs,01:31
108,2019/2020,Paris Saint-Germain,27/10/2019,Marseille,Domicile,Parc des Princes,Ligue 1 Conforama,4 - 0,Pied droit,Di Maria,S. Mandanda,44',https://www.youtube.com/watch?v=ibu2AYZTfgs,02:16
109,2019/2020,Paris Saint-Germain,01/11/2019,Dijon,Exterieur,Stade Gaston-Gérard,Ligue 1 Conforama,2 - 1,Pied droit,Di Maria,A. Gomis,19',https://www.youtube.com/watch?v=dK2HOeoLZ3s,00:30
110,2019/2020,Paris Saint-Germain,26/11/2019,Real Madrid,Exterieur,Estadio Santiago Bernabéu,Ligue des Champions,2 - 2,Pied gauche,,T. Courtois,81',https://www.youtube.com/watch?v=2SnH1vAKLik,01:45
111,2019/2020,Paris Saint-Germain,04/12/2019,Nantes,Domicile,Parc des Princes,Ligue 1 Conforama,2 - 0,Pied droit,Di Maria,A. Lafont,52',https://www.youtube.com/watch?v=ACLD1aYJFa0,01:48
112,2019/2020,Paris Saint-Germain,07/12/2019,Montpellier,Exterieur,Stade de la Mosson,Ligue 1 Conforama,1 - 3,Pied droit,Neymar Jr,G. Rulli,76',https://www.youtube.com/watch?v=wUsklt5VUT8,02:25
113,2019/2020,Paris Saint-Germain,11/12/2019,Galatasaray,Domicile,Parc des Princes,Ligue des Champions,5 - 0,Pied droit,Neymar Jr,F. Muslera,63',https://www.youtube.com/watch?v=jhYZsOpNLSU,N/A
114,2019/2020,Paris Saint-Germain,15/12/2019,ASSE,Exterieur,Stade Geoffroy-Guichard,Ligue 1 Conforama,0 - 4,Pied droit,Neymar Jr,S. Ruffier,43',https://www.youtube.com/watch?v=C2X1KnvYhNw,01:21
115,2019/2020,Paris Saint-Germain,15/12/2019,ASSE,Exterieur,Stade Geoffroy-Guichard,Ligue 1 Conforama,0 - 4,Pied droit,Neymar Jr,S. Ruffier,89',https://www.youtube.com/watch?v=C2X1KnvYhNw,03:07
116,2019/2020,Paris Saint-Germain,18/12/2019,Le Mans,Exterieur,Stade Marie-Marvingt,Coupe de la Ligue BKT,1 - 4,Pied droit,Marco Verratti,P. Patron,41',https://www.youtube.com/watch?v=pne3Xb7Q0zg,01:22
117,2019/2020,Paris Saint-Germain,21/12/2019,Amiens,Domicile,Parc des Princes,Ligue 1 Conforama,4 - 1,Pied droit,Neymar Jr,R. Gurtner,10',https://www.youtube.com/watch?v=OJe-A4exRoU,00:28
118,2019/2020,Paris Saint-Germain,21/12/2019,Amiens,Domicile,Parc des Princes,Ligue 1 Conforama,4 - 1,Pied droit,Di Maria,R. Gurtner,65',https://www.youtube.com/watch?v=OJe-A4exRoU,02:25
119,2019/2020,Paris Saint-Germain,08/01/2020,ASSE,Domicile,Parc des Princes,Coupe de la Ligue BKT,6 - 1,Pied droit,Mauro Icardi,J. Moulin,67',https://www.youtube.com/watch?v=83Iyx0Khe-E,02:28
120,2019/2020,Paris Saint-Germain,15/01/2020,Monaco,Exterieur,Stade Louis II,Ligue 1 Conforama,1 - 4,Pied droit,Di Maria,B. Lecomte,24',https://www.youtube.com/watch?v=DluxHnl6iME,00:37
121,2019/2020,Paris Saint-Germain,15/01/2020,Monaco,Exterieur,Stade Louis II,Ligue 1 Conforama,1 - 4,Pied gauche,Neymar Jr,B. Lecomte,90'+1,https://www.youtube.com/watch?v=DluxHnl6iME,03:45
122,2019/2020,Paris Saint-Germain,01/02/2020,Montpellier,Domicile,Parc des Princes,Ligue 1 Conforama,5 - 0,Pied gauche,Neymar Jr,M. Carvalho,57',https://www.youtube.com/watch?v=-IZsTkpFpgM,02:31
123,2019/2020,Paris Saint-Germain,09/02/2020,Lyon,Domicile,Parc des Princes,Ligue 1 Conforama,4 - 2,Pied droit,Thomas Meunier,A. Lopes,38',https://www.youtube.com/watch?v=53pzbtwGgzE&feature=onebox,01:09
124,2019/2020,Paris Saint-Germain,12/02/2020,Dijon,Exterieur,Stade Gaston-Gérard,Coupe de France,1 - 6,Pied droit,,R. Rúnarsson,44',https://www.youtube.com/watch?v=ckYNl1Ww3sY,03:53
125,2019/2020,Paris Saint-Germain,23/02/2020,Bordeaux,Domicile,Parc des Princes,Ligue 1 Conforama,4 - 3,Pied droit,Edinson Cavani,B. Costil,69',https://www.youtube.com/watch?v=8k0z-IYCWdc,03:09
126,2019/2020,Paris Saint-Germain,29/02/2020,Dijon,Domicile,Parc des Princes,Ligue 1 Conforama,4 - 0,Pied droit,Julian Draxler,R. Rúnarsson,74',https://www.youtube.com/watch?v=0ABGI5C1r1g,01:41
127,2019/2020,Paris Saint-Germain,29/02/2020,Dijon,Domicile,Parc des Princes,Ligue 1 Conforama,4 - 0,Pied droit,,R. Rúnarsson,90'+1,https://www.youtube.com/watch?v=0ABGI5C1r1g,02:32
128,2019/2020,Paris Saint-Germain,04/03/2020,Lyon,Exterieur,Groupama Stadium,Coupe de France,1 - 5,Pied droit,Layvin Kurzawa,A. Lopes,14',https://www.youtube.com/watch?v=_4nh6MwB5hM,01:43
129,2019/2020,Paris Saint-Germain,04/03/2020,Lyon,Exterieur,Groupama Stadium,Coupe de France,1 - 5,Pied droit,,A. Lopes,70',https://www.youtube.com/watch?v=_4nh6MwB5hM,02:37
130,2019/2020,Paris Saint-Germain,04/03/2020,Lyon,Exterieur,Groupama Stadium,Coupe de France,1 - 5,Pied gauche,,A. Lopes,90'+2,https://www.youtube.com/watch?v=_4nh6MwB5hM,03:00
131,2020/2021,Equipe de France,05/09/2020,Suède,Exterieur,Friends Arena,Ligue des Nations,0 - 1,Pied gauche,,R. Olsen,41',https://www.youtube.com/watch?v=nRz4NWR-sJY,01:05
132,2020/2021,Paris Saint-Germain,20/09/2020,Nice,Exterieur,Allianz Riviera,Ligue 1 Uber Eats,0 - 3,Pied droit (peno),,W. Benítez,38',https://www.youtube.com/watch?v=FO7PNkjdS20,00:51
133,2020/2021,Paris Saint-Germain,02/10/2020,Angers,Domicile,Parc des Princes,Ligue 1 Uber Eats,6 - 1,Pied droit,Pablo Sarabia,P. Bernardoni,84',https://www.youtube.com/watch?v=r_QYIVCvINQ,03:13
134,2019/2020,Equipe de France,07/10/2020,Ukraine,Domicile,Stade de France,Matchs Amicaux,7 - 1,Pied droit,??,G. Bushchan,82',https://www.youtube.com/watch?v=kIHPRVmXt8M,04:00
135,2020/2021,Equipe de France,14/10/2020,Croatie,Exterieur,Stadion Maksimir,Ligue des Nations,1 - 2,Pied droit,Lucas Digne,D. Livaković,79',https://www.youtube.com/watch?v=3kKX_r77kZc,03:30
136,2020/2021,Paris Saint-Germain,16/10/2020,Nîmes,Exterieur,Stade des Costières,Ligue 1 Uber Eats,0 - 4,Pied gauche,Rafinha,B. Reynet,32',https://www.youtube.com/watch?v=aXykXkka0sI,01:01
137,2020/2021,Paris Saint-Germain,16/10/2020,Nîmes,Exterieur,Stade des Costières,Ligue 1 Uber Eats,0 - 4,Pied droit,Pablo Sarabia,B. Reynet,83',https://www.youtube.com/watch?v=aXykXkka0sI,02:36
138,2020/2021,Paris Saint-Germain,24/10/2020,Dijon,Domicile,Parc des Princes,Ligue 1 Uber Eats,4 - 0,Pied gauche,Neymar Jr,S. Allagbé,82',https://www.youtube.com/watch?v=btXdxEXRZTE,02:37
139,2020/2021,Paris Saint-Germain,24/10/2020,Dijon,Domicile,Parc des Princes,Ligue 1 Uber Eats,4 - 0,Pied droit,Pablo Sarabia,S. Allagbé,88',https://www.youtube.com/watch?v=btXdxEXRZTE,03:11
140,2020/2021,Paris Saint-Germain,31/10/2020,Nantes,Exterieur,Stade de la Beaujoire,Ligue 1 Uber Eats,0 - 3,Pied droit (peno),,A. Lafont,65',https://www.youtube.com/watch?v=jGTgF3z3joI,02:21
141,2020/2021,Paris Saint-Germain,20/11/2020,Monaco,Exterieur,Stade Louis II,Ligue 1 Uber Eats,3 - 2,Pied droit,Di Maria,V. Mannone,25',https://www.youtube.com/watch?v=J58k-NsqMAA,00:29
142,2020/2021,Paris Saint-Germain,20/11/2020,Monaco,Exterieur,Stade Louis II,Ligue 1 Uber Eats,3 - 2,Pied droit (peno),,V. Mannone,37',https://www.youtube.com/watch?v=J58k-NsqMAA,01:10
143,2020/2021,Paris Saint-Germain,05/12/2020,Montpellier,Exterieur,Stade de la Mosson,Ligue 1 Uber Eats,1 - 3,Pied droit,Layvin Kurzawa,J. Omlin,90'+1,https://www.youtube.com/watch?v=kdxKO4qAFQw,02:54
144,2020/2021,Paris Saint-Germain,09/12/2020,Basaksehir,Domicile,Parc des Princes,Ligue des Champions,5 - 1,Pied droit (peno),,M. Günok,42',N/A,N/A
145,2020/2021,Paris Saint-Germain,09/12/2020,Basaksehir,Domicile,Parc des Princes,Ligue des Champions,5 - 1,Pied droit,Di Maria,M. Günok,62',N/A,N/A
146,2020/2021,Paris Saint-Germain,16/12/2020,Lorient,Domicile,Parc des Princes,Ligue 1 Uber Eats,2 - 0,Pied droit (peno),,P. Nardi,51',https://www.youtube.com/watch?v=pI0qrzpjB1w,02:13
147,2020/2021,Paris Saint-Germain,23/12/2020,Strasbourg,Domicile,Parc des Princes,Ligue 1 Uber Eats,4 - 0,Pied droit,Di Maria,E. Kawashima,80',https://www.youtube.com/watch?v=uCDutH4GnLA,02:11
148,2020/2021,Paris Saint-Germain,22/01/2021,Montpellier,Domicile,Parc des Princes,Ligue 1 Uber Eats,4 - 0,Pied droit,Di Maria,J. Omlin,34',https://www.youtube.com/watch?v=0Cu8S9QXpMw,01:02
149,2020/2021,Paris Saint-Germain,22/01/2021,Montpellier,Domicile,Parc des Princes,Ligue 1 Uber Eats,4 - 0,Pied droit,Mauro Icardi,J. Omlin,63',https://www.youtube.com/watch?v=0Cu8S9QXpMw,02:46
150,2020/2021,Paris Saint-Germain,03/02/2021,Nîmes,Domicile,Parc des Princes,Ligue 1 Uber Eats,3 - 0,Pied droit,Leandro Paredes,B. Reynet,68',https://www.youtube.com/watch?v=sjxBxvFDT4s,02:39
151,2020/2021,Paris Saint-Germain,07/02/2021,Marseille,Exterieur,Stade Vélodrome,Ligue 1 Uber Eats,0 - 2,Pied gauche,Di Maria,S. Mandanda,9',https://www.youtube.com/watch?v=eoTG24cBbY0,00:32
152,2020/2021,Paris Saint-Germain,16/02/2021,Barcelone,Exterieur, Camp Nou,Ligue des Champions,1 - 4,Pied gauche,Marco Verratti,M. ter Stegen,32',https://www.youtube.com/watch?v=PAw-qzuihfA,02:32
153,2020/2021,Paris Saint-Germain,16/02/2021,Barcelone,Exterieur,Camp Nou,Ligue des Champions,1 - 4,Pied gauche,,M. ter Stegen,65',https://www.youtube.com/watch?v=PAw-qzuihfA,04:20
154,2020/2021,Paris Saint-Germain,16/02/2021,Barcelone,Exterieur,Camp Nou,Ligue des Champions,1 - 4,Pied droit,Julian Draxler,M. ter Stegen,85',https://www.youtube.com/watch?v=PAw-qzuihfA,05:19
155,2020/2021,Paris Saint-Germain,27/02/2021,Dijon,Exterieur,Stade Gaston-Gérard,Ligue 1 Uber Eats,0 - 4,Pied droit (peno),,A. Racioppi,31',https://www.youtube.com/watch?v=2EIod2VBkyA,01:10
156,2020/2021,Paris Saint-Germain,27/02/2021,Dijon,Exterieur,Stade Gaston-Gérard,Ligue 1 Uber Eats,0 - 4,Pied gauche,Rafinha,A. Racioppi,51',https://www.youtube.com/watch?v=2EIod2VBkyA,01:38
157,2020/2021,Paris Saint-Germain,06/03/2021,Brest,Exterieur,Stade Francis-Le Blé,Coupe de France,0 - 3,Pied gauche,Marco Verratti,S. Cibois,9',https://www.youtube.com/watch?v=MDlFISOebEU,00:25
158,2020/2021,Paris Saint-Germain,06/03/2021,Brest,Exterieur,Stade Francis-Le Blé,Coupe de France,0 - 3,Torse,Marco Verratti,S. Cibois,73',https://www.youtube.com/watch?v=MDlFISOebEU,05:25
159,2020/2021,Paris Saint-Germain,10/03/2021,Barcelone,Domicile,Parc des Princes,Ligue des Champions,1 - 1,Pied droit (peno),,M. ter Stegen,30',https://www.youtube.com/watch?v=lFp8dwyGflg,00:28
160,2020/2021,Paris Saint-Germain,17/03/2021,Lille,Domicile,Parc des Princes,Coupe de France,3 - 0,Pied droit (peno),,M. Maignan,42',https://www.youtube.com/watch?v=s5ZtsXsrbtI,03:29
161,2020/2021,Paris Saint-Germain,17/03/2021,Lille,Domicile,Parc des Princes,Coupe de France,3 - 0,Pied droit,Leandro Paredes,M. Maignan,90'+3,https://www.youtube.com/watch?v=s5ZtsXsrbtI,06:45
162,2020/2021,Paris Saint-Germain,21/03/2021,Lyon,Exterieur,Groupama Stadium,Ligue 1 Uber Eats,2 - 4,Pied gauche,,A. Lopes,15',https://www.youtube.com/watch?v=XVIP3nSp4_o,00:33
163,2020/2021,Paris Saint-Germain,21/03/2021,Lyon,Exterieur,Groupama Stadium,Ligue 1 Uber Eats,2 - 4,Pied droit,Marco Verratti,A. Lopes,52',https://www.youtube.com/watch?v=XVIP3nSp4_o,02:15
164,2020/2021,Paris Saint-Germain,07/04/2021,Bayern Munich,Exterieur,Allianz Arena,Ligue des Champions,2 - 3,Pied droit,Neymar Jr,M. Neuer,3',https://www.youtube.com/watch?v=MSoMHfTYKbE,01:20
165,2020/2021,Paris Saint-Germain,07/04/2021,Bayern Munich,Exterieur,Allianz Arena,Ligue des Champions,2 - 3,Pied droit,Di Maria,M. Neuer,68',https://www.youtube.com/watch?v=MSoMHfTYKbE,06:22
166,2020/2021,Paris Saint-Germain,10/04/2021,Strasbourg,Exterieur,Stade de la Meinau,Ligue 1 Uber Eats,1 - 4,Pied gauche,Leandro Paredes,M. Sels,16',https://www.youtube.com/watch?v=sks8mApJ3nI,00:52
167,2020/2021,Paris Saint-Germain,18/04/2021,ASSE,Domicile,Parc des Princes,Ligue 1 Uber Eats,3 - 2,Pied droit,Ander Herrera,E. Green,79',https://www.youtube.com/watch?v=KhFZnZZH0ZA,01:23
168,2020/2021,Paris Saint-Germain,18/04/2021,ASSE,Domicile,Parc des Princes,Ligue 1 Uber Eats,3 - 2,Pied droit (peno),,E. Green,87',https://www.youtube.com/watch?v=KhFZnZZH0ZA,02:00
169,2020/2021,Paris Saint-Germain,24/04/2021,Metz,Exterieur,Stade Saint-Symphorien,Ligue 1 Uber Eats,1 - 3,Pied droit,Ander Herrera,A. Oukidja,5',https://www.youtube.com/watch?v=6ER_VlT9MGI,00:30
170,2020/2021,Paris Saint-Germain,24/04/2021,Metz,Exterieur,Stade Saint-Symphorien,Ligue 1 Uber Eats,1 - 3,Pied droit,,A. Oukidja,59',https://www.youtube.com/watch?v=6ER_VlT9MGI,02:28
171,2020/2021,Paris Saint-Germain,12/05/2021,Montpellier,Exterieur,Stade de la Mosson,Coupe de France,2 - 2,Pied gauche ,Idrissa Gueye,D. Bertaud,10',https://www.youtube.com/watch?v=USloUr8Dzg8,00:13
172,2020/2021,Paris Saint-Germain,12/05/2021,Montpellier,Exterieur,Stade de la Mosson,Coupe de France,2 - 2,Pied droit,Rafinha,D. Bertaud,50',https://www.youtube.com/watch?v=USloUr8Dzg8,01:45
173,2020/2021,Paris Saint-Germain,16/05/2021,Reims,Domicile,Parc des Princes,Ligue 1 Uber Eats,4 - 0,Pied droit,,P. Rajković,24',https://www.youtube.com/watch?v=KtpxgPEbrkw,01:19
174,2020/2021,Paris Saint-Germain,19/05/2021,Monaco,Exterieur,Stade de France,Coupe de France,0 - 2,Pied gauche,Di Maria,R. Majecki,81',https://www.youtube.com/watch?v=4X-efl_xFC8,03:04
175,2020/2021,Paris Saint-Germain,23/05/2021,Brest,Exterieur,Stade Francis-Le Blé,Ligue 1 Uber Eats,0 - 2,Pied gauche,,G. Larsonneur,71',https://www.youtube.com/watch?v=8g9zyUT3U3c,02:33
176,2020/2021,Equipe de France,02/06/2021,Pays de Galles,Domicile,Allianz Riviera,Matchs Amicaux,3 - 0,Pied droit,,D. Ward,34',https://www.youtube.com/watch?v=1K_-MavrSpI,02:47
177,2021/2022,Paris Saint-Germain,20/08/2021,Brest,Exterieur,Stade Francis-Le Blé,Ligue 1 Uber Eats,2 - 4,Tête,,M. Bizot,35',https://www.youtube.com/watch?v=jmcInSATIRc,00:52
178,2021/2022,Paris Saint-Germain,29/08/2021,Reims,Exterieur,Stade Auguste-Delaune II,Ligue 1 Uber Eats,0 - 2,Tête,Di Maria,P. Rajković,15',https://www.youtube.com/watch?v=SDjX4aHcFWI,01:09
179,2021/2022,Paris Saint-Germain,29/08/2021,Reims,Exterieur,Stade Auguste-Delaune II,Ligue 1 Uber Eats,0 - 2,Pied gauche,Achraf Hakimi,P. Rajković,63',https://www.youtube.com/watch?v=SDjX4aHcFWI,02:35
180,2021/2022,Paris Saint-Germain,11/09/2021,Clermont,Domicile,Parc des Princes,Ligue 1 Uber Eats,4 - 0,Pied gauche,Julian Draxler,A. Desmas,55',https://www.youtube.com/watch?v=M52kCZZgjts,01:39
181,2020/2021,Equipe de France,07/10/2021,Belgique,Exterieur,Allianz Stadium,Ligue des Nations,2 - 3,Pied droit (peno),,T. Courtois,69',https://www.youtube.com/watch?v=7gMrbFd492w,04:29
182,2020/2021,Equipe de France,10/10/2021,Espagne,Exterieur,Stadio Giuseppe Meazza,Ligue des Nations,1 - 2,Pied gauche,Théo Hernandez,U. Simon,80',https://www.youtube.com/watch?v=BswmD3wEicU,04:17
183,2021/2022,Paris Saint-Germain,15/10/2021,Angers,Domicile,Parc des Princes,Ligue 1 Uber Eats,2 - 1,Pied droit (peno),,P. Bernardoni,87',https://www.youtube.com/watch?v=atHv5hrum5k,03:09
184,2021/2022,Paris Saint-Germain,19/10/2021,Leipzig,Domicile,Parc des Princes,Ligue des Champions,3 - 2,Pied droit,Julian Draxler,P. Gulácsi,10',https://www.youtube.com/watch?v=nHRaOl2pSRc,01:41
185,2021/2022,Paris Saint-Germain,06/11/2021,Bordeaux,Exterieur,Stade Matmut-Atlantique,Ligue 1 Uber Eats,2 - 3,Pied droit,Georginio Wijnaldum,B. Costil,63',https://www.youtube.com/watch?v=l_tJQg0Uy3M,02:03
186,CDM 2022,Equipe de France,13/11/2021,Kazakhstan,Domicile,Parc des Princes,Eliminatoires CM - Europe,8 - 0,Pied droit,??,,6',https://www.youtube.com/watch?v=lhhCp7aTXnI,00:45
187,CDM 2022,Equipe de France,13/11/2021,Kazakhstan,Domicile,Parc des Princes,Eliminatoires CM - Europe,8 - 0,Pied droit,??,,12',https://www.youtube.com/watch?v=lhhCp7aTXnI,01:23
188,CDM 2022,Equipe de France,13/11/2021,Kazakhstan,Domicile,Parc des Princes,Eliminatoires CM - Europe,8 - 0,Tête,??,,32',https://www.youtube.com/watch?v=lhhCp7aTXnI,02:11
189,CDM 2022,Equipe de France,13/11/2021,Kazakhstan,Domicile,Parc des Princes,Eliminatoires CM - Europe,8 - 0,Pied droit,??,,87',https://www.youtube.com/watch?v=lhhCp7aTXnI,08:35
190,CDM 2022,Equipe de France,16/11/2021,Finlande,Exterieur,Helsingin olympiastadion,Eliminatoires CM - Europe,0 - 2,Pied droit,??,,76',https://www.youtube.com/watch?v=CT_MVs2t0A8,05:53
191,2021/2022,Paris Saint-Germain,20/11/2021,Nantes,Domicile,Parc des Princes,Ligue 1 Uber Eats,3 - 1,Pied gauche,Leandro Paredes,A. Lafont,2',https://www.youtube.com/watch?v=cvndaFOYg9U,00:50
192,2021/2022,Paris Saint-Germain,24/11/2021,Man City,Exterieur,Etihad Stadium,Ligue des Champions,2 - 1,Pied droit,,Ederson,50',https://www.youtube.com/watch?v=6ZYTjqTID_M,01:54
193,2021/2022,Paris Saint-Germain,07/12/2021,Club Bruges,Domicile,Parc des Princes,Ligue des Champions,4 - 1,Pied droit,,S. Mignolet,2',https://www.youtube.com/watch?v=etd71GsOwxA,00:00
194,2021/2022,Paris Saint-Germain,07/12/2021,Club Bruges,Domicile,Parc des Princes,Ligue des Champions,4 - 1,Pied droit,Di Maria,S. Mignolet,7',https://www.youtube.com/watch?v=etd71GsOwxA,00:36
195,2021/2022,Paris Saint-Germain,12/12/2021,Monaco,Domicile,Parc des Princes,Ligue 1 Uber Eats,2 - 0,Pied droit (peno),,A. Nübel,12',https://www.youtube.com/watch?v=bKB726xaaGk,01:20
196,2021/2022,Paris Saint-Germain,12/12/2021,Monaco,Domicile,Parc des Princes,Ligue 1 Uber Eats,2 - 0,Pied droit,Lionel Messi,A. Nübel,45'+1,https://www.youtube.com/watch?v=bKB726xaaGk,01:53
197,2021/2022,Paris Saint-Germain,19/12/2021,Feignies,Exterieur,Stade du Hainaut,Coupe de France,0 - 3,Pied droit (peno),,Y. Le Meur,16',https://www.youtube.com/watch?v=8MukS2FPiF8,00:56
198,2021/2022,Paris Saint-Germain,19/12/2021,Feignies,Exterieur,Stade du Hainaut,Coupe de France,0 - 3,Pied gauche,Colin Dagba,Y. Le Meur,51',https://www.youtube.com/watch?v=8MukS2FPiF8,02:24
199,2021/2022,Paris Saint-Germain,03/01/2022,Vannes,Exterieur,Stade de la Rabine,Coupe de France,0 - 4,Pied droit,Presnel Kimpembe,C. Pétrel,59',https://www.youtube.com/watch?v=DjW78BY5vwU,01:56
200,2021/2022,Paris Saint-Germain,03/01/2022,Vannes,Exterieur,Stade de la Rabine,Coupe de France,0 - 4,Pied droit,Xavi Simons,C. Pétrel,71',https://www.youtube.com/watch?v=DjW78BY5vwU,03:14
201,2021/2022,Paris Saint-Germain,03/01/2022,Vannes,Exterieur,Stade de la Rabine,Coupe de France,0 - 4,Pied droit,Junior Dina Ebimbe,C. Pétrel,76',https://www.youtube.com/watch?v=DjW78BY5vwU,04:20
202,2021/2022,Paris Saint-Germain,15/01/2022,Brest,Domicile,Parc des Princes,Ligue 1 Uber Eats,2 - 0,Pied droit,Georginia Wijnaldium,M. Bizot,32',https://www.youtube.com/watch?v=CGk11lsWK_0,01:00
203,2021/2022,Paris Saint-Germain,06/02/2022,Lille,Exterieur, Stade Pierre-Mauroy,Ligue 1 Uber Eats,1 - 5,Pied droit,Marco Verratti,I. Grbić,67',https://www.youtube.com/watch?v=1OWJbtZt5Ns,03:49
204,2021/2022,Paris Saint-Germain,11/02/2022,Rennes,Domicile,Parc des Princes,Ligue 1 Uber Eats,1 - 0,Pied droit,Lionel Messi,D. Alemdar,90'+3,https://www.youtube.com/watch?v=li__D3wkCzI,02:30
205,2021/2022,Paris Saint-Germain,15/02/2022,Real Madrid,Domicile,Parc des Princes,Ligue des Champions,1 - 0,Pied droit,Neymar Jr,T. Courtois,90'+4,https://www.youtube.com/watch?v=ijZGH3ky6uw,02:42
206,2021/2022,Paris Saint-Germain,26/02/2022,ASSE,Domicile,Parc des Princes,Ligue 1 Uber Eats,3 - 1,Pied droit,Lionel Messi,P. Bernardoni,42',https://www.youtube.com/watch?v=de1ItJQ8eds,01:21
207,2021/2022,Paris Saint-Germain,26/02/2022,ASSE,Domicile,Parc des Princes,Ligue 1 Uber Eats,3 - 1,Pied droit,Lionel Messi,P. Bernardoni,47',https://www.youtube.com/watch?v=de1ItJQ8eds,01:58
208,2021/2022,Paris Saint-Germain,09/03/2022,Real Madrid,Exterieur,Estadio Santiago Bernabéu,Ligue des Champions,3 - 1,Pied droit,Neymar Jr,T. Courtois,39',https://www.youtube.com/watch?v=OQfv-xoZYGI,00:00
209,2021/2022,Paris Saint-Germain,13/03/2022,Bordeaux,Domicile,Parc des Princes,Ligue 1 Uber Eats,3 - 0,Pied droit,Georginia Wijnaldium,G. Poussin,24',https://www.youtube.com/watch?v=2n0B3sAKrG0,00:45
210,2021/2022,Equipe de France,29/03/2022,Afrique du Sud,Domicile,Stade Pierre Mauroy,Matchs Amicaux,5 - 0,Pied droit,Antoine Griezmann,R. Williams,23',https://www.youtube.com/watch?v=4sgYtiTDvVI,01:23
211,2021/2022,Equipe de France,29/03/2022,Afrique du Sud,Domicile,Stade Pierre Mauroy,Matchs Amicaux,5 - 0,Pied droit (peno),,R. Williams,76',https://www.youtube.com/watch?v=4sgYtiTDvVI,06:33
212,2021/2022,Paris Saint-Germain,03/04/2022,Lorient,Domicile,Parc des Princes,Ligue 1 Uber Eats,5 - 1,Pied droit,Idrissa Gueye,M. Dreyer,29',https://www.youtube.com/watch?v=_FfHuX8EzoY,01:04
213,2021/2022,Paris Saint-Germain,03/04/2022,Lorient,Domicile,Parc des Princes,Ligue 1 Uber Eats,5 - 1,Pied droit,Achraf Hakimi,M. Dreyer,67',https://www.youtube.com/watch?v=_FfHuX8EzoY,02:13
214,2021/2022,Paris Saint-Germain,09/04/2022,Clermont,Exterieur,Stade Gabriel Montpied,Ligue 1 Uber Eats,1 - 6,Pied droit,Lionel Messi,A. Desmas,19',https://www.youtube.com/watch?v=Tc5qKTgWiK8,00:48
215,2021/2022,Paris Saint-Germain,09/04/2022,Clermont,Exterieur,Stade Gabriel Montpied,Ligue 1 Uber Eats,1 - 6,Pied gauche,Neymar Jr,A. Desmas,74',https://www.youtube.com/watch?v=Tc5qKTgWiK8,02:10
216,2021/2022,Paris Saint-Germain,09/04/2022,Clermont,Exterieur,Stade Gabriel Montpied,Ligue 1 Uber Eats,1 - 6,Pied droit,Lionel Messi,A. Desmas,80',https://www.youtube.com/watch?v=Tc5qKTgWiK8,02:27
217,2021/2022,Paris Saint-Germain,17/04/2022,Marseille,Domicile,Parc des Princes,Ligue 1 Uber Eats,2 - 1,Pied droit (peno),,P. Lopez,45'+5,https://www.youtube.com/watch?v=SF1fPq7JFhI,02:12
218,2021/2022,Paris Saint-Germain,20/04/2022,Angers,Exterieur,Stade Raymond-Kopa,Ligue 1 Uber Eats,0 - 3,Pied gauche,Achraf Hakimi,A. Mandrea,28',https://www.youtube.com/watch?v=Ta8N2UzQR2A,01:16
219,2021/2022,Paris Saint-Germain,29/04/2022,Strasbourg,Exterieur,Stade de la Meinau,Ligue 1 Uber Eats,3 - 3,Pied droit,Neymar Jr,M. Sels,23',https://www.youtube.com/watch?v=xGt7ksZxgBM,01:02
220,2021/2022,Paris Saint-Germain,29/04/2022,Strasbourg,Exterieur,Stade de la Meinau,Ligue 1 Uber Eats,3 - 3,Pied droit,,M. Sels,68',https://www.youtube.com/watch?v=xGt7ksZxgBM,02:57
221,2021/2022,Paris Saint-Germain,14/05/2022,Montpellier,Exterieur,Stade de la Mosson,Ligue 1 Uber Eats,0 - 4,Pied droit (peno),,D. Bertaud,60',https://www.youtube.com/watch?v=o71IMeXFWqM,02:30
222,2021/2022,Paris Saint-Germain,21/05/2022,Metz,Domicile,Parc des Princes,Ligue 1 Uber Eats,5 - 0,Pied gauche,Di Maria,M. Caillard,25',https://www.youtube.com/watch?v=wG_dOCIaPwc,00:58
223,2021/2022,Paris Saint-Germain,21/05/2022,Metz,Domicile,Parc des Princes,Ligue 1 Uber Eats,5 - 0,Pied gauche,Lionel Messi,M. Caillard,28',https://www.youtube.com/watch?v=wG_dOCIaPwc,01:21
224,2021/2022,Paris Saint-Germain,21/05/2022,Metz,Domicile,Parc des Princes,Ligue 1 Uber Eats,5 - 0,Pied droit,,M. Caillard,50',https://www.youtube.com/watch?v=wG_dOCIaPwc,02:19
225,2022/2023,Equipe de France,10/06/2022,Autriche,Exterieur,Ernst-Happel-Stadion,Ligue des Nations,1 - 1,Pied gauche,Christopher Nkunku,,83',https://www.youtube.com/watch?v=P-Cly2fOoas,03:38
226,2022/2023,Paris Saint-Germain,13/08/2022,Montpellier,Domicile,Parc des Princes,Ligue 1 Uber Eats,5 - 2,Pied droit,,,69',https://www.youtube.com/watch?v=FPWiYsZw1OU,03:58
227,2022/2023,Paris Saint-Germain,21/08/2022,Lille,Exterieur,Stade Pierre-Mauroy,Ligue 1 Uber Eats,1 - 7,Pied droit,Lionel Messi,,1',https://www.youtube.com/watch?v=6kg5rG_8lx4,00:26
228,2022/2023,Paris Saint-Germain,21/08/2022,Lille,Exterieur,Stade Pierre-Mauroy,Ligue 1 Uber Eats,1 - 7,Pied gauche,Neymar Jr,,66',https://www.youtube.com/watch?v=6kg5rG_8lx4,03:09
229,2022/2023,Paris Saint-Germain,21/08/2022,Lille,Exterieur,Stade Pierre-Mauroy,Ligue 1 Uber Eats,1 - 7,Pied droit,Neymar Jr,,87',https://www.youtube.com/watch?v=6kg5rG_8lx4,03:40
230,2022/2023,Paris Saint-Germain,31/08/2022,Toulouse,Exterieur,Stadium de Toulouse,Ligue 1 Uber Eats,0 - 3,Pied droit,Lionel Messi,,50',https://www.youtube.com/watch?v=TdUsU0k-xoI,02:02
231,2022/2023,Paris Saint-Germain,03/09/2022,Nantes,Exterieur,Stade de la Beaujoire,Ligue 1 Uber Eats,0 - 3,Pied gauche,Lionel Messi,,18',https://www.youtube.com/watch?v=MEVOjsjx8y0,00:43
232,2022/2023,Paris Saint-Germain,03/09/2022,Nantes,Exterieur,Stade de la Beaujoire,Ligue 1 Uber Eats,0 - 3,Pied gauche,Lionel Messi,,55',https://www.youtube.com/watch?v=MEVOjsjx8y0,01:57
233,2022/2023,Paris Saint-Germain,06/09/2022,Juventus,Domicile,Parc des Princes,Ligue des Champions,2 - 1,Pied droit,Neymar Jr,,5',https://www.youtube.com/watch?v=4RUqeREH1mc,00:05
234,2022/2023,Paris Saint-Germain,06/09/2022,Juventus,Domicile,Parc des Princes,Ligue des Champions,2 - 1,Pied droit,Achraf Hakimi,,22',https://www.youtube.com/watch?v=4RUqeREH1mc,01:20
235,2022/2023,Paris Saint-Germain,14/09/2022,Maccabi Haifa,Exterieur,Sammy Ofer Stadium,Ligue des Champions,1 - 3,Pied droit,Lionel Messi,,69',https://www.youtube.com/watch?v=2ZhAww5lt0w,04:20
236,2022/2023,Equipe de France,22/09/2022,Autriche,Domicile,Stade de France,Ligue des Nations,2 - 0,Pied droit,Olivier Giroud,,56',https://www.youtube.com/watch?v=YSGExvEwnvw,02:40
237,2022/2023,Paris Saint-Germain,01/10/2022,Nice,Domicile,Parc des Princes,Ligue 1 Uber Eats,2 - 1,Pied droit,Nordi Mukiele,,83',https://www.youtube.com/watch?v=0pSmOyOeAiQ,02:41
238,2022/2023,Paris Saint-Germain,11/10/2022,Benfica,Domicile,Parc des Princes,Ligue des Champions,1 - 1,Pied droit (peno),,,39',https://www.youtube.com/watch?v=m4T_n2CUuBw,04:15
239,2022/2023,Paris Saint-Germain,21/10/2022,Ajaccio,Exterieur,Stade François Coty,Ligue 1 Uber Eats,0 - 3,Pied droit,Lionel Messi,,24',https://www.youtube.com/watch?v=DPpMi30kwz0,01:13
240,2022/2023,Paris Saint-Germain,21/10/2022,Ajaccio,Exterieur,Stade François Coty,Ligue 1 Uber Eats,0 - 3,Pied droit,Lionel Messi,,82',https://www.youtube.com/watch?v=DPpMi30kwz0,03:10
241,2022/2023,Paris Saint-Germain,25/10/2022,Maccabi Haifa,Domicile,Parc des Princes,Ligue des Champions,7 - 2,Pied droit,,,32',https://www.youtube.com/watch?v=84J4APdbSG4,01:36
242,2022/2023,Paris Saint-Germain,25/10/2022,Maccabi Haifa,Domicile,Parc des Princes,Ligue des Champions,7 - 2,Pied droit,Achraf Hakimi,,64',https://www.youtube.com/watch?v=84J4APdbSG4,05:00
243,2022/2023,Paris Saint-Germain,29/10/2022,Troyes,Domicile,Parc des Princes,Ligue 1 Uber Eats,4 - 3,Pied droit (peno),,,77',https://www.youtube.com/watch?v=_hJbvWeHYVs&feature=onebox,02:40
244,2022/2023,Paris Saint-Germain,02/11/2022,Juventus,Exterieur,Allianz Stadium,Ligue des Champions,1 - 2,Pied droit,Lionel Messi,,13',https://www.youtube.com/watch?v=5RJo-M5Lf7s,00:35
245,2022/2023,Paris Saint-Germain,13/11/2022,Auxerre,Domicile,Parc des Princes,Ligue 1 Uber Eats,5 - 0,Pied droit,Nuno Mendes,,11',https://www.youtube.com/watch?v=tz3rrBZIuRI,00:53
246,2022/2023,Equipe de France,22/11/2022,Australie,Domicile,Al Janoub Stadium,Coupe du Monde,4 - 1,Tête,Ousmane Dembélé,M. Ryan,68',https://www.youtube.com/watch?v=3_Qo8eynRDo,05:24
247,2022/2023,Equipe de France,26/11/2022,Danemark,Domicile,Stadium 974,Coupe du Monde,2 - 1,Pied droit,Théo Hernandez,K. Schmeichel,61',https://www.youtube.com/watch?v=kcwhComNmuI,00:24
248,2022/2023,Equipe de France,26/11/2022,Danemark,Domicile,Stadium 974,Coupe du Monde,2 - 1,Cuisse droite,Antoine Griezmann,K. Schmeichel,86',https://www.youtube.com/watch?v=kcwhComNmuI,01:42
249,2022/2023,Equipe de France,04/12/2022,Pologne,Domicile,Al Thumama Stadium,Coupe du Monde,3 - 1,Pied droit,Ousmane Dembélé,W. Szczęsny,74',https://www.youtube.com/watch?v=LioKen9VlRI,05:15
250,2022/2023,Equipe de France,04/12/2022,Pologne,Domicile,Al Thumama Stadium,Coupe du Monde,3 - 1,Pied droit,Marcus Thuram,W. Szczęsny,90'+1,https://www.youtube.com/watch?v=LioKen9VlRI,05:41
251,2022/2023,Equipe de France,18/12/2022,Argentine,Exterieur,Lusail Iconic Stadium,Coupe du Monde,3 - 3,Pied droit (peno),,D. Martínez,80',https://www.youtube.com/watch?v=jgPSLvfDAQo,11:35
252,2022/2023,Equipe de France,18/12/2022,Argentine,Exterieur,Lusail Iconic Stadium,Coupe du Monde,3 - 3,Pied droit,Marcus Thuram,D. Martínez,82',https://www.youtube.com/watch?v=jgPSLvfDAQo,12:05
253,2022/2023,Equipe de France,18/12/2022,Argentine,Exterieur,Lusail Iconic Stadium,Coupe du Monde,3 - 3,Pied droit (peno),,D. Martínez,118',https://www.youtube.com/watch?v=jgPSLvfDAQo,18:24
254,2022/2023,Paris Saint-Germain,28/12/2022,Strasbourg,Domicile,Parc des Princes,Ligue 1 Uber Eats,2 - 1,Pied droit (peno),,,90'+6,https://www.youtube.com/watch?v=rREXW9RFf7Q,03:54
255,2022/2023,Paris Saint-Germain,23/01/2023,Pays de Cassel,Exterieur,Stade Bollaert-Delelis,Coupe de France,0 - 7,Pied droit,Nuno Mendes,R. Samson,29',https://www.youtube.com/watch?v=CqK41FkXLhI,00:35
256,2022/2023,Paris Saint-Germain,23/01/2023,Pays de Cassel,Exterieur,Stade Bollaert-Delelis,Coupe de France,0 - 7,Pied droit,Danilo Peirera,R. Samson,34',https://www.youtube.com/watch?v=CqK41FkXLhI,01:29
257,2022/2023,Paris Saint-Germain,23/01/2023,Pays de Cassel,Exterieur,Stade Bollaert-Delelis,Coupe de France,0 - 7,Pied gauche,Vitinha,R. Samson,40',https://www.youtube.com/watch?v=CqK41FkXLhI,02:50
258,2022/2023,Paris Saint-Germain,23/01/2023,Pays de Cassel,Exterieur,Stade Bollaert-Delelis,Coupe de France,0 - 7,Pied gauche,Neymar Jr,R. Samson,56',https://www.youtube.com/watch?v=CqK41FkXLhI,03:22
259,2022/2023,Paris Saint-Germain,23/01/2023,Pays de Cassel,Exterieur,Stade Bollaert-Delelis,Coupe de France,0 - 7,Pied droit,Carlos Soler,R. Samson,79',https://www.youtube.com/watch?v=CqK41FkXLhI,04:33
260,2022/2023,Paris Saint-Germain,19/02/2023,Lille,Domicile,Parc des Princes,Ligue 1 Uber Eats,4 - 3,Pied droit,Neymar Jr,,12',https://www.youtube.com/watch?v=x5KIBUzkQrk,00:28
261,2022/2023,Paris Saint-Germain,19/02/2023,Lille,Domicile,Parc des Princes,Ligue 1 Uber Eats,4 - 3,Pied droit,Juan Bernat,,87',https://www.youtube.com/watch?v=x5KIBUzkQrk,02:43
262,2022/2023,Paris Saint-Germain,26/02/2023,Marseille,Exterieur,Stade Orange Vélodrome,Ligue 1 Uber Eats,0 - 3,Pied droit,Lionel Messi,,25',https://www.youtube.com/watch?v=k2XQ99pUE0g,00:45
263,2022/2023,Paris Saint-Germain,26/02/2023,Marseille,Exterieur,Stade Orange Vélodrome,Ligue 1 Uber Eats,0 - 3,Pied gauche,Lionel Messi,,55',https://www.youtube.com/watch?v=k2XQ99pUE0g,02:30
264,2022/2023,Paris Saint-Germain,04/03/2023,Nantes,Domicile,Parc des Princes,Ligue 1 Uber Eats,4 - 2,Pied gauche,Timothée Pembélé,,90'+2,https://www.youtube.com/watch?v=XmEfJ7Frb_M,03:17
265,2022/2023,Paris Saint-Germain,11/03/2023,Brest,Exterieur,Stade Francis-Le Blé,Ligue 1 Uber Eats,1 - 2,Pied droit,Lionel Messi,,90',https://www.youtube.com/watch?v=2SrZi-A7A4M,03:04
266,2022/2023,Equipe de France,24/03/2023,Pays-Bas,Domicile,Stade de France,Éliminatoires Euro,4 - 0,Pied droit,Aurelien Tchouameni,J. Cillessen,21',https://www.youtube.com/watch?v=FbitfUXOMU8,02:39
267,2022/2023,Equipe de France,24/03/2023,Pays-Bas,Domicile,Stade de France,Éliminatoires Euro,4 - 0,Pied droit,,J. Cillessen,88',https://www.youtube.com/watch?v=FbitfUXOMU8,06:58
268,2022/2023,Paris Saint-Germain,15/04/2023,Lens,Domicile,Parc des Princes,Ligue 1 Uber Eats,3 - 1,Pied droit,Vitinha,,31',https://www.youtube.com/watch?v=4aHcQxgmtkk,00:49
269,2022/2023,Paris Saint-Germain,21/04/2023,Angers,Exterieur,Stade Raymond-Kopa,Ligue 1 Uber Eats,1 - 2,Pied droit,Juan Bernat,,9',https://www.youtube.com/watch?v=hADiP7Hfdfs,01:04
270,2022/2023,Paris Saint-Germain,21/04/2023,Angers,Exterieur,Stade Raymond-Kopa,Ligue 1 Uber Eats,1 - 2,Pied droit,Lionel Messi,,26',https://www.youtube.com/watch?v=hADiP7Hfdfs,01:36
271,2022/2023,Paris Saint-Germain,30/04/2023,Lorient,Domicile,Parc des Princes,Ligue 1 Uber Eats,1 - 3,Pied gauche,,,29',https://www.youtube.com/watch?v=0LvryK8j_QY,01:30
272,2022/2023,Paris Saint-Germain,07/05/2023,Troyes,Exterieur,Stade de l'Aube,Ligue 1 Uber Eats,1 - 3,Tête,,,8',https://www.youtube.com/watch?v=QPmxAWW1Lu4,00:28
273,2022/2023,Paris Saint-Germain,13/05/2023,Ajaccio,Domicile,Parc des Princes,Ligue 1 Uber Eats,5 - 0,Pied gauche,Hugo Ekitike,,47',https://www.youtube.com/watch?v=KcOYB-189_k,01:44
274,2022/2023,Paris Saint-Germain,13/05/2023,Ajaccio,Domicile,Parc des Princes,Ligue 1 Uber Eats,5 - 0,Pied droit,,,54',https://www.youtube.com/watch?v=KcOYB-189_k,02:11
275,2022/2023,Paris Saint-Germain,21/05/2023,Auxerre,Exterieur,Stade de l'Abbé Deschamps,Ligue 1 Uber Eats,1 - 2,Pied droit,Fabian Ruiz,,6',https://www.youtube.com/watch?v=lw61i8KgNAg,00:27
276,2022/2023,Paris Saint-Germain,21/05/2023,Auxerre,Exterieur,Stade de l'Abbé Deschamps,Ligue 1 Uber Eats,1 - 2,Pied droit,Lionel Messi,,8',https://www.youtube.com/watch?v=lw61i8KgNAg,01:00
277,2022/2023,Paris Saint-Germain,03/06/2023,Clermont,Domicile,Parc des Princes,Ligue 1 Uber Eats,2 - 3,Pied droit (peno),,,20',https://www.youtube.com/watch?v=50E0BtW9bkQ,01:22
278,2022/2023,Equipe de France,16/06/2023,Gibraltar,Exterieur,Estádio Do Algarve,Éliminatoires Euro,0 - 3,Pied droit (peno),,,45'+3,https://youtu.be/8AHVmfPNLgw,06:00
279,2022/2023,Equipe de France,19/06/2023,Grèce,Domicile,Stade de France,Éliminatoires Euro,1 - 0,Pied droit (peno),,,55',https://youtu.be/8FzpdQx5UMo,04:34
280,2023/2024,Paris Saint-Germain,19/08/2023,Toulouse,Exterieur,Stadium TFC,Ligue 1 Uber Eats,1 - 1,Pied droit (peno),,G. Restes,62',https://www.youtube.com/watch?v=8SR_ilxDD_Q,02:11
281,2023/2024,Paris Saint-Germain,26/08/2023,Lens,Domicile,Parc des Princes,Ligue 1 Uber Eats,3 - 1,Pied droit,Fabian Ruiz,B. Samba,52',https://www.youtube.com/watch?v=Uxpm6UHi2dU,01:49
282,2023/2024,Paris Saint-Germain,26/08/2023,Lens,Domicile,Parc des Princes,Ligue 1 Uber Eats,3 - 1,Pied droit,Lucas Hernandez,B. Samba,90',https://www.youtube.com/watch?v=Uxpm6UHi2dU,02:11